influencer_name,youtube_compound,youtube_positive_ratio,youtube_comment_count,twitter_compound,twitter_positive_ratio,twitter_tweet_count,reddit_compound,reddit_positive_ratio,reddit_post_count,overall_sentiment
 Sanjay fitness motivation,0.8554999999999999,1.0,5.0,,,,,,,0.8554999999999999
ABHINAV MAHAJAN,0.1771679802955665,0.4876847290640394,203.0,,,,0.006099999999999994,0.3,10.0,0.09163399014778324
ATMIK YOGA & FITNESS,0.8024375,0.875,8.0,,,,0.6517875,0.875,8.0,0.7271125
Abhishek Yadav,0.48840693333333335,0.7333333333333333,750.0,,,,0.2735,0.6666666666666666,3.0,0.3809534666666667
Achint Chawla - Sneaker Soul,0.2502586956521739,0.5478260869565217,230.0,,,,0.19463333333333332,0.3333333333333333,9.0,0.2224460144927536
Afton Fitness India,,,,,,,-0.05684,0.6,5.0,-0.05684
Alastair Running,0.4265836065573771,0.7158469945355191,183.0,,,,,,,0.4265836065573771
Ali Bhai (shoes review),0.14035727272727272,0.3181818181818182,110.0,,,,-0.014849999999999974,0.5,2.0,0.06275363636363637
Allen Choudhary,,,,,,,-0.3808142857142857,0.0,7.0,-0.3808142857142857
Anita yoga fitness,,,,,,,0.9955222222222222,1.0,9.0,0.9955222222222222
Anita yoga fitness ,0.7959461538461539,0.9230769230769231,13.0,,,,,,,0.7959461538461539
Anita&shiv Fitness Yoga,,,,,,,0.13415714285714286,0.5714285714285714,7.0,0.13415714285714286
Anita&shiv Fitness Yoga ,0.39809,0.7,10.0,,,,,,,0.39809
Anmol Chaudhary,,,,-0.296,0.0,1.0,0.04615714285714285,0.2857142857142857,7.0,-0.12492142857142857
Arun Fitness Influencer ,0.40947142857142854,0.7142857142857143,7.0,,,,,,,0.40947142857142854
Aryan Fit Vlogs,0.4062947743467934,0.6247030878859857,421.0,,,,0.5142000000000001,0.7777777777777778,9.0,0.46024738717339675
Ashish Rathore vlogs,0.041161111111111114,0.16666666666666666,18.0,,,,0.1839375,0.5,8.0,0.11254930555555556
Becky Lu | Pilates & Home Workout,0.16793478260869565,0.21739130434782608,23.0,,,,0.42581111111111114,0.7777777777777778,9.0,0.2968729468599034
Best Shoes Review,0.5101,0.6666666666666666,3.0,,,,0.9127222222222221,1.0,9.0,0.711411111111111
Biglee Murali (Biglee),0.26850625,0.5,16.0,,,,0.787,1.0,1.0,0.527753125
Blue Mango RSR,0.2747302469135803,0.5370370370370371,162.0,,,,0.10407999999999999,0.4,10.0,0.18940512345679014
Body Fitness Motivation,,,,,,,0.4451333333333333,0.7777777777777778,9.0,0.4451333333333333
Brad Hall,,,,,,,0.28385,0.5,8.0,0.28385
Brandhousemumbra,0.12906756756756757,0.35135135135135137,37.0,,,,,,,0.12906756756756757
BullyJuice,0.5027924068767908,0.7492836676217765,698.0,0.1435578947368421,0.2631578947368421,19.0,0.22228888888888887,0.6666666666666666,9.0,0.28954639683417394
BurpeeGirl,0.6558767584097859,0.8287461773700305,654.0,,,,-0.06657999999999999,0.4,10.0,0.29464837920489295
Calisthenics Academy,,,,,,,0.47306,0.5,10.0,0.47306
Calisthenics INDIA,,,,,,,0.30738,0.7,10.0,0.30738
Calisthenics India,-0.128,0.0,1.0,,,,0.30738,0.7,10.0,0.08968999999999999
Calisthenics Reaction,,,,,,,0.23104444444444447,0.4444444444444444,9.0,0.23104444444444447
Calisthenics Reaction ,0.22673461538461537,0.47435897435897434,78.0,,,,,,,0.22673461538461537
Calisthenics india,,,,,,,0.30738,0.7,10.0,0.30738
Calisthenics workout india,,,,,,,0.75483,0.9,10.0,0.75483
Cardio Fit by India Fitness,0.36367727272727274,0.4772727272727273,44.0,,,,,,,0.36367727272727274
Caroline Girvan,,,,0.22760526315789473,0.5263157894736842,19.0,0.42618999999999996,0.6,10.0,0.32689763157894736
Cheer Shopping,,,,0.09306666666666667,0.16666666666666666,18.0,0.24534285714285714,0.5714285714285714,7.0,0.1692047619047619
Chloe Ting,0.4925904109589041,0.7575342465753425,730.0,,,,0.06562000000000001,0.5,10.0,0.27910520547945206
Cricket Cardio,0.32724630969609264,0.5701881331403763,691.0,,,,0.2457,0.6666666666666666,9.0,0.2864731548480463
Cricket Galaxy,,,,-0.04228571428571428,0.0,7.0,0.0876333333333333,0.5555555555555556,9.0,0.02267380952380951
Cricket Galaxy ,0.29475961538461537,0.49175824175824173,728.0,,,,,,,0.29475961538461537
DaddyGyming – Gym Short & Fitness Motivation video,,,,,,,-0.04245714285714286,0.2857142857142857,7.0,-0.04245714285714286
DanceWithDeepti,0.5886627551020408,0.7959183673469388,392.0,,,,0.35409,0.6,10.0,0.4713763775510204
Decathlon Sports India,0.20953962264150944,0.4339622641509434,53.0,,,,0.222775,0.5,8.0,0.21615731132075472
Deon,0.3979070564516129,0.6471774193548387,496.0,0.22536470588235294,0.5294117647058824,17.0,0.21691666666666665,0.5,6.0,0.2800628096668775
Desi Gym Fitness,0.3581118620689655,0.5737931034482758,725.0,,,,0.8419222222222222,1.0,9.0,0.6000170421455939
Desi Gym Reviews,,,,,,,0.6179,0.8,10.0,0.6179
Dhara's Yoga & Fitness,0.6241714285714286,0.7619047619047619,42.0,,,,,,,0.6241714285714286
Dr Cy (The Running Doc),0.47579553072625697,0.7318435754189944,179.0,,,,0.722825,0.875,8.0,0.5993102653631285
EDDBUD,,,,,,,0.55289,0.8,10.0,0.55289
Eva Fitness,0.6017658045977011,0.7442528735632183,348.0,,,,0.39619,0.8,10.0,0.49897790229885053
FITNESS DANCE With RAHUL,0.600169306930693,0.801980198019802,101.0,,,,0.6286142857142857,1.0,7.0,0.6143917963224894
FITNESS MOTIVATION IN INDIA,,,,,,,0.5854199999999999,0.7,10.0,0.5854199999999999
Faiyaz Fitness Motivation,0.4789470588235294,0.7058823529411765,34.0,,,,0.6158555555555556,1.0,9.0,0.5474013071895425
Fit Tuber Hindi,0.28240116959064326,0.564327485380117,684.0,,,,0.3143875,0.625,8.0,0.2983943347953216
FitMuscle TV,,,,0.14370000000000002,0.5263157894736842,19.0,0.5290444444444444,0.7777777777777778,9.0,0.33637222222222224
Fitness Motivation,,,,,,,0.65425,1.0,10.0,0.65425
Fitness World India,,,,,,,0.2333666666666667,0.5,6.0,0.2333666666666667
Fitness freak Ankit Tyagi,0.5720103448275862,0.7931034482758621,58.0,,,,0.2061,0.6,5.0,0.38905517241379306
FitnessRockers India,,,,,,,0.5486,0.7777777777777778,9.0,0.5486
Foothunk,0.21105576923076924,0.3076923076923077,52.0,,,,-0.20493333333333333,0.16666666666666666,6.0,0.0030612179487179564
Gear Check India,0.5005647058823529,1.0,17.0,,,,0.4443111111111111,0.7777777777777778,9.0,0.472437908496732
Gennofit,0.2512500445235975,0.5387355298308103,1123.0,,,,0.8316,1.0,1.0,0.5414250222617988
Get Fit with Rawat,0.30905853658536586,0.6097560975609756,41.0,,,,0.5557714285714286,0.7142857142857143,7.0,0.4324149825783972
Good Shoes Matter,0.5634708860759493,0.8016877637130801,237.0,,,,,,,0.5634708860759493
GunjanShouts,0.458862154294032,0.7147016011644832,687.0,,,,0.21925000000000003,0.5,2.0,0.339056077147016
Gym motivation india,,,,,,,0.50544,0.7,10.0,0.50544
Gym24 Equipment (Puneet Garg),0.19035555555555556,0.2222222222222222,9.0,,,,,,,0.19035555555555556
HASfit,0.67116654676259,0.8992805755395683,278.0,,,,0.60366,0.8,10.0,0.6374132733812949
HOME WORKOUT,,,,,,,0.3344666666666667,0.5555555555555556,9.0,0.3344666666666667
HOME WORKOUT 2.0,0.8303862068965517,0.9655172413793104,58.0,,,,0.68084,0.9,10.0,0.7556131034482758
HOME WORKOUT STUDIO,0.6212337209302325,0.8953488372093024,86.0,,,,0.7789699999999999,0.9,10.0,0.7001018604651162
Heather Robertson,0.6926920000000001,0.8857142857142857,350.0,,,,0.78219,0.9,10.0,0.737441
Home Workout,0.5125571428571429,0.8571428571428571,7.0,,,,0.3344666666666667,0.5555555555555556,9.0,0.4235119047619048
Home Workout ,0.25206230769230764,0.4846153846153846,260.0,,,,,,,0.25206230769230764
Home Workout - No Equipment,,,,,,,0.20467,0.6,10.0,0.20467
Home Workouts By Fit Tiff,0.25166666666666665,0.3333333333333333,3.0,,,,0.5723666666666667,0.7777777777777778,9.0,0.4120166666666667
Home workout,,,,,,,0.3344666666666667,0.5555555555555556,9.0,0.3344666666666667
Home workout ,0.6363333333333333,0.6666666666666666,3.0,,,,,,,0.6363333333333333
Home workout 2722,0.8505909090909092,0.9318181818181818,44.0,,,,0.05306666666666667,0.2222222222222222,9.0,0.45182878787878794
Hypertroph,0.26202625820568926,0.5601750547045952,457.0,,,,0.459375,0.75,8.0,0.3607006291028446
INDIAN FITNESS,,,,,,,0.4318125,0.875,8.0,0.4318125
INDIAN HULK BADAL FITNESS,0.35546642335766426,0.5401459854014599,137.0,,,,0.04182222222222222,0.5555555555555556,9.0,0.19864432278994323
Indian Calisthenics,,,,,,,0.6984777777777778,0.8888888888888888,9.0,0.6984777777777778
Indian Fitness,0.5891304347826087,0.717391304347826,46.0,,,,0.4318125,0.875,8.0,0.5104714673913043
Indian Fitness Academy Ashta (M.P),0.6628166666666666,0.9444444444444444,18.0,,,,,,,0.6628166666666666
Indian Fitness Fight Club IFFC,,,,,,,0.29263333333333336,0.6666666666666666,6.0,0.29263333333333336
Indian Fitness Motivation,,,,,,,0.97915,1.0,2.0,0.97915
Indian Fitness fighter,,,,,,,0.4372375,0.75,8.0,0.4372375
Indian Fitness lab,0.34156000000000003,0.6,5.0,,,,0.5779500000000001,0.8,10.0,0.459755
Indian Fitness official,0.79054,1.0,5.0,,,,,,,0.79054
Indian National Aesthetics,,,,,,,0.24910000000000002,0.5714285714285714,7.0,0.24910000000000002
Indian fitness,,,,,,,0.4318125,0.875,8.0,0.4318125
Indian fitness 777,0.7266172413793103,0.7586206896551724,29.0,,,,-0.24237777777777778,0.3333333333333333,9.0,0.24211973180076624
Indian fitness himmat,0.3971222222222222,0.5555555555555556,9.0,,,,0.5049833333333333,0.8333333333333334,6.0,0.45105277777777775
Indian fitness hub,0.8638270270270271,0.9459459459459459,37.0,,,,0.63514,0.8,10.0,0.7494835135135136
Indian fitness lalit,,,,,,,0.5722999999999999,0.8333333333333334,6.0,0.5722999999999999
Indian gym workout,0.4404,1.0,1.0,,,,,,,0.4404
Indian 🇮🇳 fitness 555,,,,,,,0.96401,1.0,10.0,0.96401
JOGGERS JOURNAL (Hindi),0.33082163187855784,0.6432637571157496,527.0,,,,0.9382,1.0,1.0,0.6345108159392789
JUST REVIEW,,,,,,,0.17404444444444445,0.4444444444444444,9.0,0.17404444444444445
Jatin Calisthenics ,-0.21381666666666668,0.0,6.0,,,,,,,-0.21381666666666668
Jesse James West,,,,,,,0.07139999999999999,0.375,8.0,0.07139999999999999
Jha Reviews,,,,,,,0.27905555555555556,0.5555555555555556,9.0,0.27905555555555556
Jordan Yeoh Fitness,0.3952232835820895,0.6626865671641791,335.0,,,,0.6237199999999999,1.0,10.0,0.5094716417910448
Juned Fitness,0.38521619047619043,0.6095238095238096,105.0,,,,0.15155000000000002,0.625,8.0,0.2683830952380952
Kathy Smith,0.39012,0.6,5.0,,,,-0.2141714285714286,0.0,7.0,0.08797428571428571
Kingdom of Fitness,0.26810526315789474,0.47368421052631576,19.0,,,,-0.17381666666666665,0.3333333333333333,6.0,0.047144298245614044
Kunal Chhabra,0.1987578947368421,0.49122807017543857,114.0,,,,,,,0.1987578947368421
Lilly Sabri,,,,0.572457894736842,0.8421052631578947,19.0,0.2752,0.6,10.0,0.423828947368421
Lucie Braunschweig - Home Workout,0.7961333333333334,0.9494949494949495,99.0,,,,0.5673,0.8,10.0,0.6817166666666667
Lucy Wyndham-Read,0.8044183673469388,0.9708454810495627,686.0,,,,0.47401,0.9,10.0,0.6392141836734694
MIZI,0.6430067469879518,0.8289156626506025,415.0,,,,,,,0.6430067469879518
MadFit,0.6227310891089108,0.8297029702970297,505.0,,,,0.029500000000000005,0.6,10.0,0.3261155445544554
Matrix Fitness,,,,0.0,0.0,1.0,0.5121333333333333,0.8888888888888888,9.0,0.25606666666666666
Milana - Kiat Jud Dai Workouts!,,,,,,,0.381975,0.75,8.0,0.381975
Mr Home workout,0.46259999999999996,0.6666666666666666,6.0,,,,0.5035888888888889,0.7777777777777778,9.0,0.4830944444444444
Mr India Suresh Kumar,,,,,,,0.5228,0.6666666666666666,6.0,0.5228
My Fitness Yoga and Aerobics,,,,,,,0.57744,0.8,10.0,0.57744
My Fitness Yoga and Aerobics ,0.4848526666666667,0.6533333333333333,150.0,,,,,,,0.4848526666666667
NL Fitness,0.32446065573770494,0.5409836065573771,122.0,,,,-0.10442857142857143,0.2857142857142857,7.0,0.11001604215456676
NP SPORTS INDIA,0.4376333333333333,0.6666666666666666,3.0,,,,0.5324571428571429,0.7142857142857143,7.0,0.4850452380952381
Naman - Sneakers & Streetwear,0.424583908045977,0.7011494252873564,261.0,,,,0.46602,0.7,10.0,0.4453019540229885
Namrata Purohit,,,,,,,0.24325999999999998,0.6,10.0,0.24325999999999998
Neeman's Official,0.2995125,0.375,8.0,,,,,,,0.2995125
Neera Fitness,,,,,,,0.17301111111111112,0.5555555555555556,9.0,0.17301111111111112
New Sports Point,,,,,,,0.4554,0.75,8.0,0.4554
Oliver Sjostrom,,,,,,,0.35366666666666663,0.7777777777777778,9.0,0.35366666666666663
PCOS Weight Loss,0.0008624060150375928,0.38345864661654133,266.0,,,,0.38973,0.7,10.0,0.19529620300751882
Perfect home workout(no Equipment),,,,,,,0.38794,0.7,10.0,0.38794
Pink Tiger by Luke Coutinho,0.06364,0.2,5.0,,,,0.6521,0.75,4.0,0.35787
Pratigya Yoga And fitness,0.6131000000000001,1.0,3.0,,,,,,,0.6131000000000001
RS Yoga Fitness,0.6969833333333333,0.8333333333333334,12.0,,,,,,,0.6969833333333333
RUN-ARE,0.3947033333333333,0.6944444444444444,360.0,,,,-0.0009600000000000275,0.4,5.0,0.19687166666666664
Rajan Sharma,,,,,,,0.4461833333333334,0.8333333333333334,6.0,0.4461833333333334
Rajveer Fitness Series,0.41909638157894735,0.6200657894736842,608.0,,,,0.2755444444444445,0.5555555555555556,9.0,0.3473204130116959
Real Mark Sport's Indore ,0.3685979057591623,0.6230366492146597,191.0,,,,,,,0.3685979057591623
Rhea Yoga & Fitness,0.48085714285714287,0.7142857142857143,7.0,,,,0.9866,1.0,4.0,0.7337285714285715
Rishabh Chaudhary,,,,,,,0.5908428571428572,0.7142857142857143,7.0,0.5908428571428572
Roberta's Gym,0.5518514851485149,0.7623762376237624,101.0,,,,0.26491000000000003,0.6,10.0,0.4083807425742575
Rohit Khatri Lifestyle,,,,,,,0.18246666666666667,0.3333333333333333,9.0,0.18246666666666667
Rohit Soniya Vlogs,0.3244761666666667,0.555,600.0,,,,0.14987777777777778,0.5555555555555556,9.0,0.23717697222222223
Running Shoe Guy,,,,,,,0.5710500000000001,0.75,8.0,0.5710500000000001
Running Shoes Guru,,,,,,,0.8171111111111111,1.0,9.0,0.8171111111111111
Ryan's Running Reviews ,0.196125,0.4666666666666667,120.0,,,,,,,0.196125
SHOEGR,0.0,0.0,3.0,,,,0.63265,0.9,10.0,0.316325
Saket Gokhale,0.34619542372881357,0.5830508474576271,590.0,,,,0.28684444444444446,0.4444444444444444,9.0,0.31651993408662904
Sanjay fitness motivation,,,,,,,0.34055,0.7,10.0,0.34055
Sant Fitness Studio India,,,,,,,0.00045000000000000595,0.5,2.0,0.00045000000000000595
Saroj Fitness motivation,,,,,,,0.6158555555555556,1.0,9.0,0.6158555555555556
Shivam Yoga Fitness,0.7800233333333334,0.9333333333333333,30.0,,,,0.13415714285714286,0.5714285714285714,7.0,0.45709023809523813
Shivender Kanwar,0.36822533589251444,0.6314779270633397,521.0,,,,-0.02052857142857142,0.42857142857142855,7.0,0.17384838223197152
Shoe N Dumbbell,,,,,,,0.7003444444444444,0.8888888888888888,9.0,0.7003444444444444
Shubhang_Lifts,0.25579427012278305,0.5034106412005457,733.0,,,,,,,0.25579427012278305
ShuruFit India,0.499076,0.7,50.0,,,,0.6230555555555556,0.7777777777777778,9.0,0.5610657777777778
Simrun Chopra,,,,0.33643999999999996,0.7,20.0,0.2382,1.0,1.0,0.28731999999999996
South Indian Fitness Motivation,,,,,,,0.5365777777777778,0.7777777777777778,9.0,0.5365777777777778
Sports Baazar,0.07091052631578948,0.3157894736842105,19.0,-0.288025,0.25,4.0,,,,-0.10855723684210525
Sports Rocket,-0.23835,0.0,2.0,,,,0.5719,1.0,1.0,0.16677499999999998
SportsShoes.com,0.6634,0.9108910891089109,101.0,,,,0.8300625,0.875,8.0,0.7467312500000001
Stay Fit With Abhilasha,0.32953986013986014,0.4965034965034965,143.0,,,,,,,0.32953986013986014
T-Series Health And Fitness,,,,,,,0.3342,0.6666666666666666,9.0,0.3342
TEAM INDIAN FITNESS,,,,,,,0.3841833333333334,0.6666666666666666,6.0,0.3841833333333334
TF XC Running Shoe Reviews (TF XC),0.32649189189189187,0.6216216216216216,37.0,,,,-0.49975,0.0,2.0,-0.08662905405405408
THE SHOE UNBOXER,,,,,,,0.22784444444444446,0.4444444444444444,9.0,0.22784444444444446
Taichi Workout,0.7583695652173914,0.8782608695652174,115.0,0.0,0.0,14.0,0.18369,0.6,10.0,0.3140198550724638
Tanisha,0.2956964285714286,0.5714285714285714,28.0,0.0,0.0,1.0,,,,0.1478482142857143
The Gainz Center,0.19631203703703703,0.4166666666666667,108.0,,,,0.44591000000000003,0.7,10.0,0.32111101851851853
The Run Testers,0.3623830985915493,0.6431924882629108,213.0,0.412675,0.65,20.0,0.2784875,0.5,8.0,0.3511818661971831
The Shivaay,0.3180896551724138,0.5632183908045977,87.0,,,,0.15293333333333334,0.5,6.0,0.23551149425287354
The virtual dance & yoga fitness,,,,,,,0.8290375,0.875,8.0,0.8290375
Tiger Fitness Club,0.36436618556701034,0.5855670103092784,485.0,,,,0.7427888888888889,0.7777777777777778,9.0,0.5535775372279497
Trail Shoes Reviewed,0.21877346938775508,0.5510204081632653,49.0,,,,0.9038444444444446,1.0,9.0,0.5613089569160998
UFC GYM India,0.8689,1.0,1.0,,,,0.4867888888888889,0.5555555555555556,9.0,0.6778444444444445
VIVA FITNESS,0.5548666666666667,0.6666666666666666,3.0,,,,0.3526714285714286,0.5714285714285714,7.0,0.4537690476190477
VeeUnboxing,0.22223333333333337,0.6666666666666666,3.0,,,,0.49173333333333336,0.6666666666666666,9.0,0.3569833333333334
WEIGHTLOSS EXPERT ARJUN BABA WORKOUT,,,,,,,0.5288700000000001,0.7,10.0,0.5288700000000001
WEIGHTLOSS EXPERT ARJUN BABA WORKOUT ,0.49251666666666666,0.8333333333333334,6.0,,,,,,,0.49251666666666666
WearTesters,0.26534511834319524,0.584319526627219,676.0,0.442685,0.8,20.0,0.6243000000000001,0.8,10.0,0.44411003944773175
Will Tennyson,0.2105185277088503,0.5268817204301075,1209.0,,,,-0.042466666666666666,0.3333333333333333,9.0,0.08402593052109181
Workout 4D,0.7025611111111112,0.8333333333333334,36.0,0.37597,0.95,20.0,0.14361000000000002,0.4,10.0,0.40738037037037045
Yatinder Singh,0.3247348,0.5906666666666667,750.0,,,,0.6903111111111111,0.8888888888888888,9.0,0.5075229555555556
Yatinder Singh vlogs,0.35029356060606065,0.6098484848484849,264.0,,,,0.3089,0.7142857142857143,7.0,0.3295967803030303
Yoga Fitness Mania,,,,,,,0.9539500000000001,1.0,8.0,0.9539500000000001
Yoga Fitness Québec,,,,,,,0.3442142857142857,0.7142857142857143,7.0,0.3442142857142857
Yoga Fitness Sport Senioren,0.46857368421052636,0.7894736842105263,19.0,,,,0.80281,0.9,10.0,0.6356918421052632
Yoga Fitness Trends,,,,,,,0.6878111111111112,0.8888888888888888,9.0,0.6878111111111112
Yoga Fitness Trends ,0.4019,1.0,1.0,,,,,,,0.4019
Yoga Fitness With Vijendra,0.530869696969697,0.8181818181818182,33.0,,,,,,,0.530869696969697
Yoga with Souvik,0.3856863636363636,0.7272727272727273,22.0,,,,0.0,0.0,1.0,0.1928431818181818
Yogaguru Shailendra,0.16921666666666665,0.5333333333333333,30.0,,,,,,,0.16921666666666665
ZTH Training,0.24526008676789587,0.5140997830802603,461.0,,,,0.63785,0.8,10.0,0.44155504338394796
Zumba Class,0.6015011363636363,0.7954545454545454,88.0,,,,0.23513333333333333,0.4444444444444444,9.0,0.4183172348484848
akshay Indian fitness,,,,,,,0.88039,0.9,10.0,0.88039
ansh home workout,0.6690365853658536,0.8617886178861789,123.0,,,,-0.01787777777777777,0.2222222222222222,9.0,0.32557940379403794
calisthenics India,,,,,,,0.30738,0.7,10.0,0.30738
calisthenics in india,,,,,,,0.59902,0.9,10.0,0.59902
calums running reviews,0.0,0.0,1.0,,,,0.33054285714285714,0.7142857142857143,7.0,0.16527142857142857
emi wong,0.4308469827586207,0.6379310344827587,232.0,,,,0.2686,0.6666666666666666,6.0,0.34972349137931036
fitgirl,0.4319093555093555,0.6361746361746362,481.0,0.338515,0.7,20.0,0.43492999999999993,0.6,10.0,0.40178478516978516
growingannanas,0.5001318666666666,0.7626666666666667,750.0,,,,0.12803,0.4,10.0,0.3140809333333333
gym life india __workout zone,,,,,,,0.515225,0.75,8.0,0.515225
home workouts no equipment,,,,,,,0.055911111111111106,0.5555555555555556,9.0,0.055911111111111106
ideal yoga fitness by Nandu,0.0,0.0,1.0,,,,0.6731285714285714,0.8571428571428571,7.0,0.3365642857142857
indian fitness alok,0.5284411764705882,0.6764705882352942,34.0,,,,0.527125,0.875,8.0,0.5277830882352941
rohitnikhil,0.2844879032258064,0.5080645161290323,124.0,,,,,,,0.2844879032258064
testRunner - running shoe reviews,0.16813333333333333,0.5,6.0,,,,0.9737600000000001,1.0,10.0,0.5709466666666667
yoga fitness,,,,,,,0.49055714285714286,0.8571428571428571,7.0,0.49055714285714286
yoga fitness ,0.8050741379310344,0.9137931034482759,58.0,,,,,,,0.8050741379310344
yoga fitness for all,,,,,,,0.7102571428571428,0.8571428571428571,7.0,0.7102571428571428
